fold,epoch,lr,train_loss,train_acc,val_loss,val_acc,val_f1,val_auc,val_sens,val_spec,val_prec,val_npv,val_mcc,val_kappa,epoch_time_s
1,1,9.99e-05,0.426764,0.799656,0.273038,0.892747,0.889362,0.951579,0.862448,0.923024,0.918009,0.870382,0.78693,0.785489,45.16
1,2,9.961e-05,0.320762,0.864203,0.1979,0.920935,0.918033,0.976062,0.885832,0.956014,0.952663,0.893385,0.843944,0.841866,43.86
1,3,9.911e-05,0.257089,0.894714,0.178459,0.929529,0.928547,0.979245,0.916094,0.942955,0.941343,0.91834,0.859366,0.859057,43.89
1,4,9.843e-05,0.224868,0.910443,0.154915,0.942592,0.942434,0.985146,0.940165,0.945017,0.944713,0.940492,0.885194,0.885184,43.9
1,5,9.755e-05,0.190807,0.924108,0.167613,0.931935,0.934263,0.986969,0.967675,0.89622,0.903081,0.965211,0.866091,0.863874,44.05
1,6,9.649e-05,0.166545,0.935196,0.187414,0.920935,0.925614,0.991061,0.984182,0.857732,0.873626,0.981904,0.848695,0.841877,44.13
1,7,9.524e-05,0.145175,0.945165,0.117065,0.953592,0.95453,0.993601,0.974553,0.932646,0.935314,0.973458,0.907985,0.907186,43.7
1,8,9.382e-05,0.133655,0.949291,0.097115,0.964936,0.965021,0.993857,0.967675,0.962199,0.96238,0.967519,0.929887,0.929873,43.77
1,9,9.222e-05,0.125366,0.952987,0.120363,0.952217,0.953651,0.994555,0.983494,0.920962,0.925566,0.982405,0.906212,0.904437,43.44
1,10,9.045e-05,0.106655,0.960378,0.093351,0.969062,0.969636,0.995492,0.988308,0.949828,0.951656,0.987848,0.93882,0.938124,43.96
1,11,8.853e-05,0.093822,0.965019,0.075616,0.976281,0.976133,0.996005,0.970426,0.982131,0.981907,0.970788,0.952626,0.952561,44.22
1,12,8.645e-05,0.090532,0.966137,0.099561,0.963905,0.964918,0.996382,0.993122,0.934708,0.938272,0.992701,0.9294,0.927812,43.88
1,13,8.423e-05,0.082584,0.968973,0.068997,0.977999,0.978261,0.996618,0.990371,0.965636,0.966443,0.990134,0.956292,0.955999,44.03
1,14,8.187e-05,0.066107,0.975161,0.061484,0.980062,0.980272,0.997082,0.991059,0.969072,0.969717,0.990864,0.960356,0.960124,43.82
1,15,7.939e-05,0.063389,0.977224,0.073234,0.976281,0.976634,0.997098,0.991747,0.960825,0.961975,0.991489,0.953018,0.952562,43.63
1,16,7.679e-05,0.060009,0.976536,0.082875,0.972499,0.973118,0.99858,0.995873,0.949141,0.95138,0.995674,0.946034,0.944999,43.79
1,17,7.409e-05,0.058548,0.978771,0.053967,0.979374,0.979675,0.998797,0.994498,0.964261,0.965287,0.99433,0.959188,0.958749,43.96
1,18,7.129e-05,0.053526,0.979373,0.139896,0.953936,0.955746,0.99805,0.995186,0.912715,0.919314,0.994757,0.91098,0.907875,43.91
1,19,6.841e-05,0.043174,0.985131,0.07695,0.976624,0.977027,0.997003,0.994498,0.958763,0.960159,0.994298,0.953859,0.953249,44.0
1,20,6.545e-05,0.043506,0.984272,0.088984,0.972499,0.973046,0.996953,0.993122,0.95189,0.953765,0.992832,0.945804,0.944999,43.64
1,21,6.243e-05,0.03986,0.985991,0.105722,0.971812,0.972391,0.996744,0.993122,0.950515,0.952507,0.992821,0.944482,0.943624,43.5
1,22,5.937e-05,0.033376,0.987967,0.08244,0.974562,0.975,0.997043,0.992435,0.956701,0.958167,0.99216,0.949731,0.949124,43.73
1,23,5.627e-05,0.033054,0.989343,0.107533,0.966999,0.967914,0.997263,0.995873,0.938144,0.941482,0.995624,0.935561,0.933999,43.64
1,24,5.314e-05,0.033837,0.987709,0.079738,0.971812,0.972428,0.998385,0.994498,0.949141,0.951316,0.99424,0.944597,0.943624,43.4
1,25,5e-05,0.032226,0.990202,0.094292,0.972155,0.9727,0.997639,0.992435,0.95189,0.953734,0.99212,0.945089,0.944312,44.07
1,26,4.686e-05,0.024729,0.991491,0.073897,0.976281,0.97665,0.998078,0.992435,0.960137,0.961359,0.992187,0.953059,0.952562,43.72
1,27,4.373e-05,0.023016,0.991921,0.081411,0.976624,0.977027,0.997962,0.994498,0.958763,0.960159,0.994298,0.953859,0.953249,43.88
2,1,9.99e-05,0.417326,0.807134,0.288869,0.86834,0.852749,0.959823,0.762724,0.973883,0.96687,0.8042,0.753641,0.73666,43.61
2,2,9.961e-05,0.307022,0.868844,0.18713,0.926779,0.925446,0.977208,0.909216,0.94433,0.942267,0.912351,0.854081,0.853556,43.67
2,3,9.911e-05,0.261161,0.892136,0.173241,0.93056,0.930869,0.981477,0.935351,0.925773,0.926431,0.934768,0.861161,0.861121,43.49
2,4,9.843e-05,0.224767,0.909153,0.17019,0.926435,0.929698,0.989297,0.973177,0.879725,0.889937,0.970432,0.856628,0.852875,44.17
2,5,9.755e-05,0.191337,0.921272,0.121181,0.953936,0.954913,0.993651,0.975928,0.931959,0.934783,0.974838,0.908754,0.907874,43.98
2,6,9.649e-05,0.168415,0.932703,0.089319,0.964936,0.964385,0.995997,0.949794,0.980069,0.979433,0.951301,0.930298,0.929872,43.92
2,7,9.524e-05,0.151954,0.940782,0.086204,0.964936,0.965377,0.996776,0.977992,0.95189,0.953083,0.977417,0.930191,0.929873,43.79
2,8,9.382e-05,0.138106,0.945423,0.111,0.952561,0.954031,0.995877,0.984869,0.920275,0.925065,0.983835,0.90702,0.905124,43.8
2,9,9.222e-05,0.113038,0.955995,0.090842,0.963561,0.963921,0.995792,0.973865,0.953265,0.954178,0.973333,0.92732,0.927123,43.56
2,10,9.045e-05,0.106491,0.959605,0.119861,0.95428,0.955799,0.995947,0.988996,0.919588,0.924759,0.988183,0.91076,0.908562,43.4
2,11,8.853e-05,0.092727,0.964418,0.110206,0.959092,0.960399,0.996565,0.992435,0.925773,0.930368,0.9919,0.920235,0.918187,43.82
2,12,8.645e-05,0.086204,0.968285,0.087287,0.963905,0.964918,0.997986,0.993122,0.934708,0.938272,0.992701,0.9294,0.927812,44.28
2,13,8.423e-05,0.077925,0.970692,0.103926,0.961499,0.962617,0.997096,0.991747,0.931271,0.935149,0.991222,0.924693,0.922999,43.81
2,14,8.187e-05,0.07511,0.972325,0.080683,0.968718,0.969412,0.99759,0.991747,0.945704,0.94806,0.991354,0.938433,0.937437,43.97
2,15,7.939e-05,0.064439,0.977052,0.095796,0.966311,0.967114,0.997244,0.991059,0.941581,0.944299,0.9906,0.933769,0.932624,44.2
2,16,7.679e-05,0.053773,0.979201,0.107762,0.964593,0.965285,0.995712,0.984869,0.94433,0.946464,0.984241,0.929952,0.929186,45.58
2,17,7.409e-05,0.057255,0.98049,0.086237,0.967686,0.968329,0.997712,0.988308,0.947079,0.949141,0.987814,0.936171,0.935374,43.78
2,18,7.129e-05,0.051505,0.980662,0.090996,0.967686,0.96852,0.998112,0.994498,0.940893,0.943864,0.99419,0.936722,0.935374,43.93
2,19,6.841e-05,0.044963,0.983326,0.099192,0.966311,0.96718,0.998031,0.993122,0.939519,0.942559,0.992738,0.933968,0.932624,43.87
2,20,6.545e-05,0.042471,0.984272,0.100445,0.965968,0.966901,0.998468,0.994498,0.937457,0.940794,0.994169,0.933458,0.931937,43.57
2,21,6.243e-05,0.03526,0.987366,0.162756,0.947061,0.949409,0.996999,0.99381,0.900344,0.908805,0.993177,0.898059,0.894125,43.96
2,22,5.937e-05,0.039686,0.985389,0.088252,0.966999,0.96785,0.99852,0.99381,0.940206,0.943211,0.993464,0.935345,0.933999,43.54
2,23,5.627e-05,0.035463,0.987194,0.072988,0.974905,0.97533,0.999007,0.992435,0.957388,0.958804,0.992165,0.950396,0.949812,44.04
2,24,5.314e-05,0.029536,0.989257,0.094832,0.964936,0.965886,0.998238,0.993122,0.93677,0.940104,0.992717,0.931355,0.929874,43.59
2,25,5e-05,0.031339,0.988999,0.065917,0.976624,0.97698,0.998845,0.992435,0.960825,0.962,0.992193,0.953726,0.953249,43.87
2,26,4.686e-05,0.02854,0.988999,0.067184,0.977999,0.978334,0.999174,0.99381,0.962199,0.963333,0.993612,0.956478,0.955999,43.52
2,27,4.373e-05,0.022275,0.991319,0.051988,0.981781,0.982003,0.999326,0.994498,0.969072,0.969819,0.994358,0.963874,0.963562,43.68
2,28,4.063e-05,0.019342,0.992093,0.064105,0.978343,0.978622,0.998864,0.991747,0.964948,0.965841,0.991525,0.957031,0.956687,45.59
2,29,3.757e-05,0.02366,0.992007,0.071452,0.973874,0.974411,0.999039,0.995186,0.952577,0.954485,0.994975,0.948611,0.947749,44.18
2,30,3.455e-05,0.016319,0.994757,0.07541,0.979031,0.979385,0.999079,0.996561,0.961512,0.962791,0.996439,0.958651,0.958062,43.83
2,31,3.159e-05,0.017191,0.992866,0.088575,0.975937,0.976415,0.999034,0.996561,0.955326,0.957067,0.996416,0.952685,0.951874,44.08
2,32,2.871e-05,0.019076,0.993382,0.052274,0.983843,0.984019,0.99912,0.995186,0.972509,0.9731,0.995077,0.967936,0.967687,43.49
2,33,2.591e-05,0.018035,0.993554,0.042725,0.98625,0.986385,0.999405,0.996561,0.975945,0.976415,0.996491,0.972706,0.972499,44.47
2,34,2.321e-05,0.017305,0.994671,0.060675,0.983499,0.983673,0.998972,0.994498,0.972509,0.973082,0.994378,0.967233,0.966999,45.2
2,35,2.061e-05,0.012996,0.996476,0.076351,0.980062,0.980339,0.998812,0.994498,0.965636,0.966578,0.994338,0.960525,0.960124,44.54
2,36,1.813e-05,0.010619,0.996132,0.072162,0.980749,0.981017,0.998931,0.995186,0.966323,0.967246,0.995046,0.9619,0.961499,43.95
2,37,1.577e-05,0.012768,0.995445,0.070568,0.982468,0.982706,0.999066,0.996561,0.968385,0.969231,0.996464,0.96532,0.964937,43.86
2,38,1.355e-05,0.009924,0.996046,0.085634,0.978343,0.978723,0.999105,0.996561,0.960137,0.961513,0.996434,0.957322,0.956687,43.89
2,39,1.147e-05,0.011235,0.995617,0.075108,0.980749,0.981043,0.999005,0.996561,0.964948,0.966,0.996451,0.96198,0.961499,44.37
2,40,9.55e-06,0.008462,0.997422,0.070897,0.982124,0.982373,0.999176,0.996561,0.967698,0.968583,0.996461,0.964651,0.964249,43.3
2,41,7.78e-06,0.008751,0.996906,0.076493,0.980406,0.980685,0.999014,0.995186,0.965636,0.9666,0.995042,0.961232,0.960812,43.93
2,42,6.18e-06,0.009108,0.996906,0.07136,0.980749,0.981043,0.999187,0.996561,0.964948,0.966,0.996451,0.96198,0.961499,43.98
2,43,4.76e-06,0.006971,0.997851,0.065091,0.983156,0.983362,0.999075,0.995873,0.970447,0.97116,0.995769,0.966625,0.966312,43.68
3,1,9.99e-05,0.426649,0.804125,0.274054,0.887246,0.882437,0.954963,0.846048,0.928473,0.922097,0.857687,0.777149,0.774499,44.1
3,2,9.961e-05,0.316058,0.867469,0.234753,0.915779,0.919328,0.978816,0.95945,0.872077,0.882427,0.955539,0.83474,0.831552,43.81
3,3,9.911e-05,0.258738,0.896347,0.179337,0.929185,0.931743,0.983869,0.966323,0.892022,0.899552,0.963596,0.860743,0.858367,43.68
3,4,9.843e-05,0.221096,0.909841,0.146686,0.945686,0.945704,0.987355,0.945704,0.945667,0.945704,0.945667,0.891372,0.891372,43.75
3,5,9.755e-05,0.194352,0.919467,0.095074,0.964593,0.964762,0.99486,0.969072,0.96011,0.96049,0.968772,0.929222,0.929185,44.07
3,6,9.649e-05,0.169305,0.934852,0.100454,0.96803,0.968655,0.995814,0.987629,0.948418,0.950397,0.987115,0.936779,0.93606,43.46
3,7,9.524e-05,0.151473,0.941642,0.093364,0.96253,0.963435,0.996221,0.986942,0.938102,0.941022,0.986262,0.926163,0.925059,44.51
3,8,9.382e-05,0.130836,0.949635,0.084467,0.968718,0.969142,0.996656,0.982131,0.955296,0.956493,0.981625,0.937772,0.937435,43.93
3,9,9.222e-05,0.127857,0.951268,0.120647,0.951186,0.953197,0.997278,0.993814,0.908528,0.915769,0.993233,0.905666,0.902369,44.27
3,10,9.045e-05,0.107386,0.959862,0.078096,0.97353,0.973995,0.997075,0.991065,0.955983,0.957503,0.990734,0.947643,0.94706,43.99
3,11,8.853e-05,0.097169,0.963902,0.071135,0.97353,0.973995,0.998061,0.991065,0.955983,0.957503,0.990734,0.947643,0.94706,43.84
3,12,8.645e-05,0.089098,0.96777,0.115267,0.960468,0.961908,0.997664,0.997938,0.922971,0.928389,0.99777,0.92353,0.920933,44.46
3,13,8.423e-05,0.075658,0.971036,0.090437,0.97078,0.971467,0.997519,0.994502,0.947043,0.949475,0.994224,0.942621,0.94156,43.5
3,14,8.187e-05,0.073385,0.972841,0.050069,0.982124,0.982361,0.998755,0.995189,0.969051,0.969859,0.995056,0.964578,0.964249,44.11
3,15,7.939e-05,0.064575,0.974989,0.151136,0.951186,0.953381,0.997838,0.997938,0.904402,0.912634,0.997724,0.90634,0.902369,43.45
3,16,7.679e-05,0.063826,0.976622,0.146099,0.951186,0.953381,0.998238,0.997938,0.904402,0.912634,0.997724,0.90634,0.902369,43.8
3,17,7.409e-05,0.055808,0.978169,0.062558,0.980062,0.980405,0.998781,0.997251,0.962861,0.96412,0.997151,0.960691,0.960123,43.81
3,18,7.129e-05,0.051743,0.981693,0.142348,0.951873,0.953978,0.998153,0.997251,0.906465,0.914304,0.996974,0.907489,0.903744,43.45
3,19,6.841e-05,0.046437,0.983326,0.075672,0.975937,0.976415,0.998775,0.995876,0.955983,0.9577,0.995702,0.952631,0.951873,43.54
3,20,6.545e-05,0.048385,0.982553,0.070664,0.979374,0.979702,0.998284,0.995189,0.963549,0.96469,0.995028,0.959228,0.958748,43.72
3,21,6.243e-05,0.035485,0.987967,0.093933,0.973187,0.973826,0.998684,0.997251,0.949106,0.951475,0.99711,0.94747,0.946372,43.72
3,22,5.937e-05,0.037681,0.986592,0.050096,0.983499,0.983707,0.999253,0.995876,0.971114,0.971831,0.995769,0.967295,0.966999,43.67
3,23,5.627e-05,0.031389,0.988655,0.063158,0.980749,0.981068,0.998886,0.997251,0.964237,0.965403,0.997155,0.962022,0.961498,43.92
3,24,5.314e-05,0.035359,0.986248,0.073828,0.977999,0.978422,0.998922,0.997251,0.958735,0.960291,0.997139,0.956707,0.955998,44.41
3,25,5e-05,0.031831,0.988655,0.080274,0.977312,0.977823,0.999318,1.0,0.954608,0.956607,1.0,0.955607,0.954623,45.49
3,26,4.686e-05,0.026451,0.991405,0.124145,0.968718,0.969636,0.998427,0.998625,0.93879,0.942283,0.998537,0.939116,0.937434,44.03
3,27,4.373e-05,0.030326,0.988999,0.044224,0.984187,0.984375,0.999615,0.995876,0.97249,0.973136,0.995775,0.968638,0.968374,44.3
3,28,4.063e-05,0.028169,0.990632,0.056786,0.980062,0.980458,0.999628,1.0,0.96011,0.961666,1.0,0.960887,0.960123,44.26
3,29,3.757e-05,0.01977,0.992952,0.07886,0.979031,0.979413,0.998344,0.997251,0.960798,0.962202,0.997145,0.958697,0.958061,43.5
3,30,3.455e-05,0.021867,0.992265,0.082817,0.977656,0.978063,0.998639,0.995876,0.959422,0.960875,0.995717,0.955945,0.955311,43.81
3,31,3.159e-05,0.018587,0.993296,0.098931,0.97078,0.971543,0.998692,0.997251,0.944292,0.947128,0.997095,0.942882,0.94156,43.67
3,32,2.871e-05,0.019386,0.993038,0.048644,0.984875,0.985085,0.999601,0.998625,0.971114,0.971906,0.998586,0.970116,0.969749,43.6
3,33,2.591e-05,0.014324,0.995101,0.071926,0.981093,0.981425,0.999506,0.998625,0.963549,0.964807,0.998574,0.962778,0.962186,43.83
3,34,2.321e-05,0.016656,0.993812,0.048601,0.985906,0.986069,0.999332,0.997251,0.974553,0.975134,0.997185,0.972062,0.971811,43.96
3,35,2.061e-05,0.014413,0.994671,0.081018,0.979031,0.979441,0.999384,0.998625,0.959422,0.960979,0.998568,0.958797,0.958061,44.01
3,36,1.813e-05,0.012745,0.994757,0.066858,0.982468,0.982753,0.999379,0.998625,0.9663,0.967377,0.998579,0.96544,0.964936,44.18
3,37,1.577e-05,0.011339,0.996476,0.042851,0.988312,0.988404,0.999639,0.995876,0.980743,0.981043,0.99581,0.976736,0.976624,43.77
3,38,1.355e-05,0.013111,0.995359,0.04717,0.986937,0.987075,0.99966,0.997251,0.976616,0.977104,0.997191,0.974081,0.973874,44.21
3,39,1.147e-05,0.012523,0.996132,0.073876,0.981781,0.982064,0.999023,0.997251,0.9663,0.967333,0.997161,0.964022,0.963561,44.56
3,40,9.55e-06,0.010129,0.996734,0.042784,0.988656,0.988756,0.999641,0.997251,0.980055,0.980405,0.997201,0.977456,0.977312,43.91
3,41,7.78e-06,0.010689,0.996132,0.046577,0.989,0.989108,0.999659,0.998625,0.979367,0.979771,0.998597,0.97818,0.977999,43.82
3,42,6.18e-06,0.007821,0.99682,0.051959,0.987625,0.987763,0.999595,0.998625,0.976616,0.977135,0.998594,0.975485,0.975249,43.99
3,43,4.76e-06,0.009297,0.996992,0.059525,0.985562,0.985753,0.999362,0.998625,0.97249,0.973208,0.998588,0.971455,0.971124,43.39
3,44,3.51e-06,0.009846,0.996218,0.059867,0.984875,0.985085,0.999559,0.998625,0.971114,0.971906,0.998586,0.970116,0.969749,44.39
3,45,2.45e-06,0.007763,0.997164,0.05281,0.987281,0.987428,0.999584,0.998625,0.975928,0.976478,0.998593,0.974812,0.974562,44.43
3,46,1.57e-06,0.007991,0.997593,0.055578,0.98625,0.986422,0.999522,0.998625,0.973865,0.974514,0.99859,0.972797,0.972499,43.66
3,47,8.9e-07,0.007621,0.997336,0.055053,0.986593,0.986757,0.999492,0.998625,0.974553,0.975168,0.998591,0.973468,0.973186,44.68
3,48,3.9e-07,0.009232,0.997078,0.051127,0.987968,0.988083,0.999419,0.997251,0.97868,0.979082,0.997197,0.976105,0.975937,44.35
4,1,9.99e-05,0.417548,0.810056,0.273418,0.884153,0.879168,0.95557,0.842612,0.925722,0.91904,0.854603,0.770984,0.768312,44.02
4,2,9.961e-05,0.318138,0.866867,0.233343,0.900309,0.903846,0.973343,0.93677,0.863824,0.873158,0.931751,0.802748,0.800614,44.22
4,3,9.911e-05,0.257587,0.892651,0.169967,0.931935,0.931058,0.981826,0.9189,0.944979,0.943543,0.920912,0.864167,0.863872,44.05
4,4,9.843e-05,0.219486,0.909583,0.137691,0.947748,0.947405,0.988345,0.940893,0.954608,0.954007,0.941655,0.895582,0.895497,43.94
4,5,9.755e-05,0.196716,0.919639,0.191421,0.921623,0.925684,0.98951,0.975945,0.867263,0.880347,0.972994,0.848259,0.843239,43.82
4,6,9.649e-05,0.172083,0.931758,0.111341,0.959436,0.960081,0.993597,0.975258,0.943604,0.94537,0.974432,0.919331,0.918872,43.91
4,7,9.524e-05,0.147645,0.941212,0.171795,0.93056,0.934585,0.994613,0.991753,0.869326,0.88365,0.990596,0.867637,0.861115,43.89
4,8,9.382e-05,0.139607,0.945423,0.110213,0.958061,0.959005,0.994285,0.980756,0.935351,0.938199,0.979827,0.917066,0.916121,44.05
4,9,9.222e-05,0.123516,0.952299,0.098306,0.963905,0.9642,0.993892,0.971821,0.955983,0.956698,0.971349,0.927926,0.92781,44.13
4,10,9.045e-05,0.109932,0.959691,0.081763,0.968718,0.969037,0.996339,0.978694,0.958735,0.959569,0.978246,0.937621,0.937435,43.87
4,11,8.853e-05,0.096806,0.962097,0.07679,0.972499,0.9729,0.996864,0.986942,0.958047,0.959252,0.986544,0.945392,0.944998,44.26
4,12,8.645e-05,0.088064,0.966309,0.138281,0.950155,0.95235,0.997127,0.995876,0.904402,0.912469,0.995458,0.904094,0.900306,44.04
4,13,8.423e-05,0.079504,0.969403,0.059365,0.977656,0.977671,0.997763,0.978007,0.977304,0.977335,0.977977,0.955311,0.955311,44.3
4,14,8.187e-05,0.073383,0.971465,0.074324,0.971812,0.972483,0.998312,0.995876,0.94773,0.950164,0.995665,0.944717,0.943622,45.19
4,15,7.939e-05,0.06765,0.975591,0.068406,0.974905,0.975396,0.998309,0.994502,0.955296,0.957011,0.994273,0.95054,0.94981,43.89
4,16,7.679e-05,0.056478,0.980146,0.10412,0.966311,0.967158,0.996677,0.991753,0.940853,0.943754,0.991304,0.933831,0.932622,43.75
4,17,7.409e-05,0.062192,0.976622,0.088859,0.97078,0.971352,0.997639,0.990378,0.951169,0.953042,0.989979,0.942284,0.94156,44.02
4,18,7.129e-05,0.050426,0.981693,0.054143,0.982468,0.982576,0.998217,0.988316,0.976616,0.976902,0.98817,0.965002,0.964936,43.9
4,19,6.841e-05,0.052844,0.981177,0.049178,0.982124,0.982301,0.998926,0.991753,0.97249,0.973028,0.991585,0.964427,0.964249,44.22
4,20,6.545e-05,0.042061,0.984873,0.084542,0.97353,0.973978,0.997593,0.990378,0.956671,0.958112,0.990036,0.947598,0.94706,43.85
4,21,6.243e-05,0.049203,0.983326,0.046461,0.984531,0.984647,0.998537,0.991753,0.977304,0.977642,0.991626,0.969162,0.969061,44.36
4,22,5.937e-05,0.035858,0.988053,0.08192,0.972843,0.973428,0.99874,0.994502,0.951169,0.953228,0.994249,0.946573,0.945685,43.99
4,23,5.627e-05,0.034855,0.98728,0.083436,0.972843,0.97341,0.998519,0.993814,0.951857,0.953826,0.993539,0.946518,0.945685,43.93
4,24,5.314e-05,0.030938,0.988311,0.083495,0.97353,0.974065,0.998308,0.993814,0.953232,0.955086,0.993548,0.94784,0.94706,43.78
4,25,5e-05,0.038113,0.98642,0.061026,0.981093,0.98135,0.999385,0.994502,0.967675,0.968541,0.994346,0.962532,0.962186,43.49
4,26,4.686e-05,0.026747,0.990374,0.06469,0.980062,0.980352,0.998968,0.994502,0.965612,0.9666,0.994334,0.960524,0.960123,43.52
4,27,4.373e-05,0.025608,0.990632,0.038339,0.985906,0.985992,0.99939,0.991753,0.980055,0.980299,0.991649,0.971878,0.971812,43.63
4,28,4.063e-05,0.020878,0.992523,0.070711,0.978687,0.979068,0.999324,0.996564,0.960798,0.962177,0.996434,0.957986,0.957373,44.11
4,29,3.757e-05,0.022902,0.992437,0.054839,0.985218,0.985329,0.999123,0.99244,0.977992,0.97832,0.992324,0.970538,0.970436,43.84
4,30,3.455e-05,0.020713,0.991835,0.062935,0.982812,0.983005,0.999367,0.993814,0.971802,0.972428,0.993671,0.965857,0.965624,43.99
4,31,3.159e-05,0.020278,0.99278,0.074556,0.976968,0.977327,0.998839,0.99244,0.961486,0.962667,0.992193,0.954392,0.953936,43.43
4,32,2.871e-05,0.017861,0.993984,0.060769,0.984875,0.984993,0.99917,0.99244,0.977304,0.977657,0.992318,0.96986,0.969749,43.84
4,33,2.591e-05,0.016328,0.994843,0.046089,0.988312,0.98838,0.999152,0.993814,0.982806,0.983005,0.993741,0.976683,0.976624,44.01
4,34,2.321e-05,0.013294,0.995015,0.068445,0.981781,0.982003,0.999043,0.993814,0.969739,0.97047,0.993658,0.96384,0.963561,43.31
4,35,2.061e-05,0.01726,0.99407,0.064778,0.983499,0.983673,0.999028,0.993814,0.973177,0.973737,0.99368,0.967204,0.966999,43.71
4,36,1.813e-05,0.014265,0.994757,0.057833,0.983843,0.984008,0.999152,0.993814,0.973865,0.974394,0.993684,0.967879,0.967686,43.98
4,37,1.577e-05,0.011468,0.995789,0.049868,0.985218,0.985329,0.999168,0.99244,0.977992,0.97832,0.992324,0.970538,0.970436,44.13
5,1,9.99e-05,0.429072,0.7989,0.341838,0.853164,0.865342,0.953335,0.943604,0.762724,0.799068,0.93115,0.718174,0.706327,43.65
5,2,9.961e-05,0.325829,0.858886,0.258981,0.8989,0.903607,0.970507,0.94773,0.850069,0.863409,0.942073,0.801631,0.797799,43.78
5,3,9.911e-05,0.27011,0.888192,0.181387,0.922627,0.925224,0.984992,0.957359,0.887895,0.895177,0.954176,0.847301,0.845254,43.76
5,4,9.843e-05,0.227239,0.910622,0.156152,0.935351,0.937417,0.98933,0.968363,0.902338,0.908387,0.966127,0.872606,0.870702,43.84
5,5,9.755e-05,0.197118,0.920076,0.152267,0.940853,0.942743,0.989236,0.973865,0.90784,0.913548,0.972018,0.883634,0.881706,43.77
5,6,9.649e-05,0.175733,0.927638,0.094558,0.966644,0.966883,0.995695,0.973865,0.959422,0.96,0.973482,0.933385,0.933287,43.67
5,7,9.524e-05,0.150443,0.938725,0.114445,0.958735,0.959704,0.994669,0.982806,0.934663,0.937664,0.981936,0.918534,0.917469,43.73
5,8,9.382e-05,0.137495,0.94835,0.122492,0.946355,0.948919,0.997326,0.996561,0.896149,0.905625,0.996177,0.897245,0.89271,44.1
5,9,9.222e-05,0.129126,0.950327,0.095457,0.965956,0.966901,0.997139,0.994498,0.937414,0.940794,0.994165,0.933434,0.931912,44.32
5,10,9.045e-05,0.112715,0.954881,0.060016,0.977648,0.977763,0.997944,0.982806,0.97249,0.972771,0.982627,0.955347,0.955296,43.86
5,11,8.853e-05,0.094888,0.966999,0.109488,0.961142,0.962446,0.996845,0.995873,0.92641,0.93119,0.995565,0.924517,0.922283,44.0
5,12,8.645e-05,0.092822,0.966655,0.055164,0.979711,0.979898,0.998292,0.988996,0.970426,0.970966,0.988788,0.959588,0.959422,44.02
5,13,8.423e-05,0.080623,0.97078,0.082109,0.969051,0.96988,0.998651,0.996561,0.941541,0.944589,0.996361,0.939525,0.938102,44.22
5,14,8.187e-05,0.074145,0.972757,0.063767,0.974209,0.974722,0.998742,0.994498,0.95392,0.955717,0.994265,0.9492,0.948418,44.28
5,15,7.939e-05,0.066558,0.975851,0.076213,0.972146,0.972828,0.998852,0.997249,0.947043,0.949574,0.997104,0.945484,0.944292,44.23
5,16,7.679e-05,0.059136,0.978945,0.08445,0.969739,0.97039,0.997865,0.991747,0.94773,0.949934,0.991367,0.940389,0.939477,44.04
5,17,7.409e-05,0.061614,0.976538,0.071104,0.979367,0.97973,0.998429,0.997249,0.961486,0.962815,0.997147,0.959348,0.958735,44.0
5,18,7.129e-05,0.053394,0.97989,0.087478,0.968363,0.969086,0.997393,0.991747,0.944979,0.947438,0.991342,0.937752,0.936726,44.55
5,19,6.841e-05,0.047087,0.982039,0.085883,0.970083,0.970874,0.999036,0.997249,0.942916,0.945858,0.997091,0.941556,0.940165,44.27
5,20,6.545e-05,0.043323,0.984273,0.044992,0.984869,0.985044,0.99919,0.996561,0.973177,0.97379,0.996479,0.970004,0.969739,43.57
5,21,6.243e-05,0.041659,0.984703,0.048959,0.981774,0.982076,0.99947,0.998624,0.964924,0.966068,0.998577,0.964096,0.963549,43.13
5,22,5.937e-05,0.039787,0.985992,0.056443,0.979711,0.980007,0.999194,0.994498,0.964924,0.965932,0.99433,0.959842,0.959422,43.54
5,23,5.627e-05,0.037531,0.985906,0.038457,0.985213,0.985389,0.999654,0.997249,0.973177,0.973808,0.997181,0.970708,0.970426,43.85
5,24,5.314e-05,0.030312,0.989257,0.074303,0.974553,0.975101,0.99916,0.996561,0.952545,0.954545,0.996403,0.950027,0.949106,44.36
5,25,5e-05,0.028499,0.989945,0.064136,0.979023,0.979385,0.999474,0.996561,0.961486,0.962791,0.996436,0.958637,0.958047,43.49
5,26,4.686e-05,0.025782,0.989945,0.064475,0.980743,0.98103,0.999124,0.995873,0.965612,0.966622,0.995745,0.961926,0.961486,43.7
5,27,4.373e-05,0.024902,0.99089,0.048574,0.987276,0.987394,0.999335,0.996561,0.977992,0.978393,0.996496,0.974721,0.974553,44.06
5,28,4.063e-05,0.022728,0.992523,0.04629,0.985213,0.985379,0.999446,0.996561,0.973865,0.974445,0.996481,0.970676,0.970426,43.8
5,29,3.757e-05,0.022884,0.992437,0.058611,0.979711,0.980061,0.999509,0.997249,0.962173,0.963455,0.997149,0.960013,0.959422,44.52
5,30,3.455e-05,0.018343,0.993984,0.050068,0.983494,0.98374,0.999707,0.998624,0.968363,0.969292,0.998582,0.967431,0.966988,43.77
5,31,3.159e-05,0.017029,0.993812,0.067094,0.980399,0.98075,0.999329,0.998624,0.962173,0.963504,0.998572,0.961437,0.960798,44.72
5,32,2.871e-05,0.017336,0.994156,0.06198,0.982118,0.982432,0.999631,1.0,0.964237,0.965471,1.0,0.964854,0.964237,45.43
5,33,2.591e-05,0.018297,0.994242,0.058125,0.982462,0.982741,0.999649,0.998624,0.9663,0.967355,0.998579,0.965429,0.964924,43.65
5,34,2.321e-05,0.016714,0.993984,0.04956,0.982118,0.982349,0.999603,0.995186,0.969051,0.969839,0.995056,0.964566,0.964237,44.07
5,35,2.061e-05,0.014069,0.995015,0.033657,0.988652,0.988749,0.999784,0.997249,0.980055,0.980392,0.997201,0.977448,0.977304,45.03
5,36,1.813e-05,0.012186,0.995617,0.061089,0.980399,0.980724,0.999645,0.997249,0.963549,0.964737,0.997153,0.961344,0.960798,44.18
5,37,1.577e-05,0.013323,0.995187,0.058889,0.981087,0.981413,0.999747,0.998624,0.963549,0.964784,0.998574,0.962766,0.962173,43.73
5,38,1.355e-05,0.009752,0.996476,0.049939,0.985901,0.986059,0.999638,0.997249,0.974553,0.975118,0.997185,0.972052,0.971802,43.81
5,39,1.147e-05,0.010151,0.996476,0.057859,0.984182,0.984386,0.999684,0.997249,0.971114,0.97185,0.997175,0.968694,0.968363,44.18
5,40,9.55e-06,0.009403,0.997164,0.063286,0.981774,0.982101,0.999713,1.0,0.963549,0.964831,1.0,0.96419,0.963549,44.21
5,41,7.78e-06,0.010964,0.996734,0.063881,0.981431,0.98172,0.999606,0.997249,0.965612,0.966667,0.997159,0.963343,0.962861,45.19
5,42,6.18e-06,0.008868,0.996648,0.045808,0.986245,0.986413,0.999735,0.998624,0.973865,0.974497,0.99859,0.972788,0.97249,44.22
5,43,4.76e-06,0.007347,0.997336,0.062604,0.98315,0.983407,0.999654,0.998624,0.967675,0.968646,0.998581,0.966763,0.9663,43.59
5,44,3.51e-06,0.006674,0.997422,0.053239,0.984525,0.984761,0.999802,1.0,0.969051,0.96998,1.0,0.969515,0.969051,43.2
5,45,2.45e-06,0.008104,0.996906,0.058493,0.982462,0.982741,0.999808,0.998624,0.9663,0.967355,0.998579,0.965429,0.964924,43.97
5,46,1.57e-06,0.007589,0.997336,0.056582,0.982806,0.983074,0.999711,0.998624,0.966988,0.968,0.99858,0.966096,0.965612,45.25
5,47,8.9e-07,0.008263,0.99725,0.05784,0.984869,0.985095,0.999765,1.0,0.969739,0.970628,1.0,0.970183,0.969739,44.63
5,48,3.9e-07,0.009183,0.99725,0.056049,0.982806,0.983074,0.99978,0.998624,0.966988,0.968,0.99858,0.966096,0.965612,43.75
5,49,1e-07,0.007199,0.997766,0.051663,0.986245,0.986413,0.999772,0.998624,0.973865,0.974497,0.99859,0.972788,0.97249,44.09
5,50,0.0,0.007993,0.997164,0.053792,0.985213,0.985429,0.999753,1.0,0.970426,0.971276,1.0,0.970851,0.970426,43.71
