fold,epoch,lr_head,train_loss,train_acc,val_loss,val_acc,val_f1,val_auc,val_sens,val_spec,val_prec,val_npv,val_mcc,val_kappa,epoch_time_s
1,1,9.99e-05,0.072323,0.972497,0.015863,0.996219,0.996219,0.999861,0.996561,0.995876,0.995876,0.996561,0.992437,0.992437,24.79
1,2,9.961e-05,0.054109,0.98006,0.017158,0.995187,0.995199,0.99983,0.997937,0.99244,0.992476,0.997927,0.99039,0.990375,23.3
1,3,9.911e-05,0.047831,0.984272,0.016712,0.995531,0.995543,0.999839,0.998624,0.99244,0.992481,0.998617,0.991081,0.991062,23.08
1,4,9.843e-05,0.046589,0.983068,0.015123,0.995187,0.995199,0.999889,0.997937,0.99244,0.992476,0.997927,0.99039,0.990375,23.11
1,5,9.755e-05,0.041572,0.984443,0.015114,0.995875,0.995882,0.999839,0.997937,0.993814,0.993836,0.99793,0.991758,0.99175,22.98
1,6,9.649e-05,0.043439,0.984787,0.019271,0.992781,0.992786,0.99977,0.99381,0.991753,0.991764,0.993802,0.985564,0.985562,23.34
1,7,9.524e-05,0.043425,0.985131,0.014099,0.994844,0.994844,0.999855,0.995186,0.994502,0.994502,0.995186,0.989687,0.989687,23.24
1,8,9.382e-05,0.042172,0.984873,0.0161,0.994844,0.994854,0.99985,0.997249,0.99244,0.992471,0.997238,0.989699,0.989687,23.11
1,9,9.222e-05,0.040499,0.986506,0.015985,0.996219,0.996226,0.999843,0.998624,0.993814,0.99384,0.998619,0.992449,0.992437,23.22
1,10,9.045e-05,0.041561,0.984787,0.016939,0.995187,0.995196,0.999786,0.997249,0.993127,0.993151,0.997239,0.990383,0.990375,23.07
1,11,8.853e-05,0.035093,0.987366,0.016222,0.994844,0.994854,0.999834,0.997249,0.99244,0.992471,0.997238,0.989699,0.989687,23.23
1,12,8.645e-05,0.040967,0.984615,0.013758,0.995875,0.995882,0.999873,0.997937,0.993814,0.993836,0.99793,0.991758,0.99175,23.07
1,13,8.423e-05,0.042879,0.986162,0.015766,0.995531,0.995543,0.999852,0.998624,0.99244,0.992481,0.998617,0.991081,0.991062,22.95
1,14,8.187e-05,0.039117,0.985733,0.016406,0.995187,0.995202,0.999859,0.998624,0.991753,0.991803,0.998616,0.990398,0.990375,23.11
2,1,9.99e-05,0.070532,0.975333,0.024354,0.993469,0.993495,0.9998,0.997937,0.989003,0.989093,0.99792,0.986977,0.986937,23.81
2,2,9.961e-05,0.058642,0.979115,0.015926,0.993812,0.993831,0.999903,0.997249,0.990378,0.990437,0.997232,0.987648,0.987625,23.78
2,3,9.911e-05,0.047159,0.983498,0.010349,0.996906,0.9969,0.999945,0.995186,0.998625,0.99862,0.995205,0.993818,0.993812,23.82
2,4,9.843e-05,0.051578,0.98092,0.010666,0.997594,0.997592,0.999941,0.997249,0.997938,0.997935,0.997253,0.995188,0.995187,23.76
2,5,9.755e-05,0.047945,0.9841,0.013728,0.996219,0.996219,0.999873,0.996561,0.995876,0.995876,0.996561,0.992437,0.992437,23.66
2,6,9.649e-05,0.041191,0.984615,0.012236,0.995875,0.995871,0.999926,0.995186,0.996564,0.996556,0.995196,0.991751,0.99175,23.83
2,7,9.524e-05,0.04323,0.983842,0.015923,0.993812,0.993836,0.999928,0.997937,0.989691,0.989768,0.997921,0.987658,0.987625,23.74
2,8,9.382e-05,0.042175,0.984272,0.011723,0.996562,0.996566,0.999951,0.997937,0.995189,0.995199,0.997932,0.993129,0.993125,23.89
2,9,9.222e-05,0.036365,0.986678,0.00988,0.996562,0.996561,0.999954,0.996561,0.996564,0.996561,0.996564,0.993125,0.993125,23.86
2,10,9.045e-05,0.042482,0.984443,0.010502,0.996562,0.996564,0.999937,0.997249,0.995876,0.995879,0.997247,0.993126,0.993125,23.8
2,11,8.853e-05,0.040295,0.985991,0.010292,0.996562,0.996561,0.999947,0.996561,0.996564,0.996561,0.996564,0.993125,0.993125,23.81
2,12,8.645e-05,0.037769,0.987022,0.010861,0.996906,0.996908,0.999948,0.997937,0.995876,0.995882,0.997934,0.993814,0.993812,23.72
2,13,8.423e-05,0.036188,0.987194,0.012678,0.996562,0.996568,0.999925,0.998624,0.994502,0.994521,0.99862,0.993133,0.993125,23.73
2,14,8.187e-05,0.036219,0.986936,0.015183,0.994156,0.994184,0.999947,0.999312,0.989003,0.989108,0.999306,0.988365,0.988312,23.82
2,15,7.939e-05,0.041953,0.984014,0.013645,0.995875,0.995885,0.999907,0.998624,0.993127,0.99316,0.998618,0.991765,0.99175,23.53
2,16,7.679e-05,0.034365,0.987795,0.013004,0.995875,0.995885,0.999953,0.998624,0.993127,0.99316,0.998618,0.991765,0.99175,23.69
2,17,7.409e-05,0.038177,0.985561,0.008527,0.997594,0.997595,0.999967,0.998624,0.996564,0.996568,0.998623,0.995189,0.995187,23.62
2,18,7.129e-05,0.036947,0.987108,0.010088,0.99725,0.997251,0.999951,0.997937,0.996564,0.996566,0.997935,0.994501,0.9945,23.85
2,19,6.841e-05,0.037473,0.986592,0.010314,0.995875,0.995882,0.999934,0.997937,0.993814,0.993836,0.99793,0.991758,0.99175,23.66
2,20,6.545e-05,0.031984,0.988225,0.012658,0.995531,0.99554,0.99992,0.997937,0.993127,0.993155,0.997928,0.991074,0.991062,23.69
2,21,6.243e-05,0.033639,0.987709,0.009244,0.996906,0.99691,0.999948,0.998624,0.995189,0.995202,0.998621,0.993818,0.993812,23.86
2,22,5.937e-05,0.036251,0.986678,0.009476,0.99725,0.997251,0.999947,0.997937,0.996564,0.996566,0.997935,0.994501,0.9945,23.84
2,23,5.627e-05,0.038373,0.986764,0.011323,0.996562,0.996568,0.999934,0.998624,0.994502,0.994521,0.99862,0.993133,0.993125,23.7
2,24,5.314e-05,0.032103,0.988569,0.009399,0.99725,0.997255,0.999948,0.999312,0.995189,0.995205,0.99931,0.994508,0.9945,23.89
2,25,5e-05,0.033075,0.988569,0.00843,0.997594,0.997592,0.999953,0.997249,0.997938,0.997935,0.997253,0.995188,0.995187,23.59
2,26,4.686e-05,0.031981,0.988397,0.010461,0.997594,0.997595,0.999945,0.998624,0.996564,0.996568,0.998623,0.995189,0.995187,23.86
2,27,4.373e-05,0.032646,0.9896,0.009693,0.997594,0.997597,0.999951,0.999312,0.995876,0.995888,0.99931,0.995193,0.995187,23.9
3,1,9.99e-05,0.074649,0.972239,0.013644,0.996906,0.996906,0.999929,0.996564,0.997249,0.997249,0.996564,0.993813,0.993812,24.1
3,2,9.961e-05,0.054921,0.980576,0.017818,0.993125,0.993169,0.999939,0.999313,0.986933,0.987101,0.999304,0.986325,0.98625,24.02
3,3,9.911e-05,0.04917,0.981607,0.014645,0.995875,0.995885,0.999922,0.997938,0.99381,0.99384,0.997928,0.991758,0.99175,24.09
3,4,9.843e-05,0.047751,0.98281,0.012515,0.995875,0.995882,0.999935,0.997251,0.994498,0.994517,0.997241,0.991753,0.99175,23.98
3,5,9.755e-05,0.046016,0.983498,0.014247,0.995187,0.995202,0.999922,0.997938,0.992435,0.992481,0.997925,0.99039,0.990375,24.13
3,6,9.649e-05,0.04839,0.98324,0.018063,0.9945,0.994532,0.999947,1.0,0.988996,0.989123,1.0,0.989059,0.989,24.19
3,7,9.524e-05,0.044879,0.983756,0.013001,0.995187,0.995192,0.999921,0.995876,0.994498,0.994509,0.995868,0.990376,0.990375,24.14
3,8,9.382e-05,0.042214,0.984272,0.010794,0.996906,0.996908,0.999941,0.997251,0.996561,0.996566,0.997247,0.993813,0.993812,24.11
3,9,9.222e-05,0.043542,0.984272,0.012204,0.996562,0.996566,0.999905,0.997251,0.995873,0.995882,0.997245,0.993126,0.993125,24.28
3,10,9.045e-05,0.041212,0.984186,0.021172,0.992437,0.992497,0.999966,1.0,0.984869,0.985105,1.0,0.984987,0.984874,24.41
3,11,8.853e-05,0.043266,0.984787,0.011179,0.99725,0.997257,0.999964,0.999313,0.995186,0.995209,0.999309,0.994508,0.9945,24.09
3,12,8.645e-05,0.041315,0.986334,0.008524,0.996906,0.996906,0.999957,0.996564,0.997249,0.997249,0.996564,0.993813,0.993812,24.14
3,13,8.423e-05,0.03973,0.984615,0.011383,0.99725,0.997255,0.999953,0.998625,0.995873,0.995888,0.998621,0.994504,0.9945,24.36
3,14,8.187e-05,0.041779,0.984529,0.010826,0.995875,0.995882,0.999943,0.997251,0.994498,0.994517,0.997241,0.991753,0.99175,24.01
3,15,7.939e-05,0.037908,0.985905,0.011943,0.996219,0.996224,0.999938,0.997251,0.995186,0.995199,0.997243,0.992439,0.992437,23.94
3,16,7.679e-05,0.035355,0.986764,0.01311,0.995187,0.995205,0.999913,0.998625,0.991747,0.991809,0.998615,0.990398,0.990375,23.93
3,17,7.409e-05,0.032669,0.989257,0.015387,0.995187,0.995209,0.999946,0.999313,0.991059,0.991138,0.999307,0.990408,0.990375,24.16
3,18,7.129e-05,0.039293,0.985991,0.016574,0.995187,0.995212,0.999944,1.0,0.990371,0.99047,1.0,0.990421,0.990375,24.13
3,19,6.841e-05,0.036524,0.986334,0.009339,0.996219,0.996226,0.999963,0.997938,0.994498,0.994521,0.99793,0.992443,0.992437,24.04
3,20,6.545e-05,0.036716,0.986162,0.010709,0.996562,0.996575,0.999959,1.0,0.993122,0.993174,1.0,0.993148,0.993125,24.04
4,1,9.99e-05,0.073762,0.972755,0.021178,0.993469,0.993513,0.999978,1.0,0.986933,0.98711,1.0,0.987021,0.986937,23.95
4,2,9.961e-05,0.05212,0.982381,0.011921,0.996562,0.996573,0.999982,0.999313,0.99381,0.993848,0.999308,0.99314,0.993125,23.91
4,3,9.911e-05,0.047943,0.982209,0.010327,0.996562,0.996573,0.999974,0.999313,0.99381,0.993848,0.999308,0.99314,0.993125,23.88
4,4,9.843e-05,0.045836,0.984443,0.009458,0.99725,0.997251,0.999969,0.997251,0.997249,0.997251,0.997249,0.9945,0.9945,24.05
4,5,9.755e-05,0.05011,0.982553,0.016802,0.9945,0.994532,0.99999,1.0,0.988996,0.989123,1.0,0.989059,0.989,23.97
4,6,9.649e-05,0.044696,0.983584,0.011413,0.995531,0.995549,0.999971,0.999313,0.991747,0.991814,0.999307,0.991091,0.991062,24.04
4,7,9.524e-05,0.041531,0.986334,0.015393,0.995531,0.995553,0.999975,1.0,0.991059,0.991144,1.0,0.991102,0.991062,23.91
4,8,9.382e-05,0.039466,0.984615,0.00773,0.998281,0.998285,0.999991,1.0,0.996561,0.996575,1.0,0.996568,0.996562,23.85
4,9,9.222e-05,0.046895,0.982725,0.008236,0.997594,0.997599,0.999989,0.999313,0.995873,0.99589,0.99931,0.995193,0.995187,24.24
4,10,9.045e-05,0.044581,0.984358,0.007965,0.998281,0.998285,0.999992,1.0,0.996561,0.996575,1.0,0.996568,0.996562,23.97
4,11,8.853e-05,0.037975,0.987795,0.008881,0.996906,0.996917,0.99999,1.0,0.99381,0.993852,1.0,0.993831,0.993812,24.1
4,12,8.645e-05,0.038203,0.986076,0.008992,0.997594,0.9976,0.999992,1.0,0.995186,0.995212,1.0,0.995199,0.995187,24.08
4,13,8.423e-05,0.041836,0.985733,0.007222,0.998281,0.998285,0.999992,1.0,0.996561,0.996575,1.0,0.996568,0.996562,23.86
4,14,8.187e-05,0.036641,0.986936,0.017003,0.993812,0.993844,0.999924,0.998625,0.988996,0.989108,0.998611,0.98767,0.987625,24.19
4,15,7.939e-05,0.044069,0.984272,0.008865,0.99725,0.997258,0.999991,1.0,0.994498,0.994532,1.0,0.994515,0.9945,23.98
4,16,7.679e-05,0.034537,0.987194,0.01608,0.994156,0.994192,0.999987,1.0,0.988308,0.988451,1.0,0.98838,0.988312,24.01
4,17,7.409e-05,0.038189,0.986248,0.014686,0.994156,0.994192,0.999983,1.0,0.988308,0.988451,1.0,0.98838,0.988312,23.76
4,18,7.129e-05,0.037078,0.987022,0.00768,0.997594,0.9976,0.999992,1.0,0.995186,0.995212,1.0,0.995199,0.995187,23.94
4,19,6.841e-05,0.033029,0.987624,0.01237,0.995187,0.995212,0.99999,1.0,0.990371,0.99047,1.0,0.990421,0.990375,23.96
4,20,6.545e-05,0.032139,0.987194,0.00906,0.996906,0.996917,0.999988,1.0,0.99381,0.993852,1.0,0.993831,0.993812,23.86
5,1,9.99e-05,0.069278,0.97482,0.026347,0.990371,0.990444,0.999799,0.997937,0.982806,0.983062,0.997905,0.980855,0.980743,24.13
5,2,9.961e-05,0.052863,0.981867,0.015285,0.995186,0.995189,0.999898,0.995873,0.994498,0.994505,0.995868,0.990372,0.990371,24.02
5,3,9.911e-05,0.04292,0.983499,0.012994,0.997249,0.997249,0.999886,0.997249,0.997249,0.997249,0.997249,0.994498,0.994498,23.99
5,4,9.843e-05,0.042431,0.984015,0.013889,0.996217,0.996221,0.999892,0.997249,0.995186,0.995196,0.997243,0.992437,0.992435,24.14
5,5,9.755e-05,0.043406,0.984359,0.012888,0.994498,0.994513,0.999922,0.997249,0.991747,0.991792,0.997234,0.989011,0.988996,23.97
5,6,9.649e-05,0.040548,0.98625,0.013221,0.994154,0.994172,0.999919,0.997249,0.991059,0.991114,0.997232,0.988327,0.988308,24.04
5,7,9.524e-05,0.039602,0.985648,0.023849,0.990715,0.990776,0.999874,0.997249,0.984182,0.984386,0.997213,0.981514,0.981431,24.06
5,8,9.382e-05,0.042588,0.984187,0.012007,0.99553,0.995537,0.999915,0.997249,0.99381,0.993831,0.997239,0.991065,0.991059,23.97
5,9,9.222e-05,0.045627,0.98264,0.016945,0.993466,0.993486,0.999882,0.996561,0.990371,0.990431,0.99654,0.986952,0.986933,24.22
5,10,9.045e-05,0.037245,0.985734,0.01828,0.992779,0.992816,0.999905,0.997937,0.98762,0.987747,0.997915,0.98561,0.985557,24.1
5,11,8.853e-05,0.040694,0.985132,0.014172,0.994498,0.994521,0.999918,0.998624,0.990371,0.99045,0.998613,0.98903,0.988996,24.01
5,12,8.645e-05,0.0372,0.98625,0.015225,0.994498,0.994524,0.999923,0.999312,0.989684,0.989782,0.999306,0.989042,0.988996,23.81
5,13,8.423e-05,0.03967,0.985476,0.01424,0.995186,0.995205,0.999902,0.999312,0.991059,0.991132,0.999307,0.990405,0.990371,24.05
5,14,8.187e-05,0.036736,0.986336,0.008261,0.997937,0.997938,0.999921,0.998624,0.997249,0.997253,0.998623,0.995874,0.995873,23.99
5,15,7.939e-05,0.036167,0.986851,0.01404,0.994498,0.994524,0.999942,0.999312,0.989684,0.989782,0.999306,0.989042,0.988996,23.73
5,16,7.679e-05,0.039651,0.986851,0.014939,0.99553,0.995549,0.999941,1.0,0.991059,0.991138,1.0,0.991099,0.991059,23.97
5,17,7.409e-05,0.03593,0.986336,0.015123,0.99553,0.995546,0.999949,0.999312,0.991747,0.991809,0.999307,0.991088,0.991059,24.01
5,18,7.129e-05,0.035689,0.988226,0.017489,0.994498,0.994521,0.999916,0.998624,0.990371,0.99045,0.998613,0.98903,0.988996,23.99
5,19,6.841e-05,0.040245,0.986507,0.012263,0.996217,0.996224,0.999925,0.997937,0.994498,0.994517,0.99793,0.992441,0.992435,24.04
5,20,6.545e-05,0.035506,0.987281,0.01475,0.994842,0.994861,0.999889,0.998624,0.991059,0.991126,0.998614,0.989712,0.989684,24.23
5,21,6.243e-05,0.037629,0.985992,0.012054,0.995873,0.995888,0.999906,0.999312,0.992435,0.992486,0.999307,0.99177,0.991747,24.09
5,22,5.937e-05,0.030854,0.989429,0.016403,0.994154,0.994184,0.999905,0.999312,0.988996,0.989108,0.999305,0.988361,0.988308,24.05
5,23,5.627e-05,0.033925,0.987796,0.010015,0.997593,0.997599,0.999898,1.0,0.995186,0.995209,1.0,0.995197,0.995186,24.22
5,24,5.314e-05,0.034666,0.986851,0.015589,0.994498,0.994528,0.9999,1.0,0.988996,0.989116,1.0,0.989056,0.988996,24.16
5,25,5e-05,0.033523,0.98857,0.014821,0.99553,0.995549,0.99992,1.0,0.991059,0.991138,1.0,0.991099,0.991059,23.91
5,26,4.686e-05,0.035648,0.987109,0.019654,0.993466,0.993509,0.999916,1.0,0.986933,0.987101,1.0,0.987017,0.986933,24.17
5,27,4.373e-05,0.032085,0.989515,0.012431,0.996217,0.996232,0.999917,1.0,0.992435,0.992491,1.0,0.992463,0.992435,24.51
